-- --------------------------------------------------------
-- Host:                         146.56.48.212
-- Server version:               8.0.31 - MySQL Community Server - GPL
-- Server OS:                    Linux
-- HeidiSQL Version:             12.3.0.6589
-- --------------------------------------------------------

/*!40101 SET @OLD_CHARACTER_SET_CLIENT=@@CHARACTER_SET_CLIENT */;
/*!40101 SET NAMES utf8 */;
/*!50503 SET NAMES utf8mb4 */;
/*!40103 SET @OLD_TIME_ZONE=@@TIME_ZONE */;
/*!40103 SET TIME_ZONE='+00:00' */;
/*!40014 SET @OLD_FOREIGN_KEY_CHECKS=@@FOREIGN_KEY_CHECKS, FOREIGN_KEY_CHECKS=0 */;
/*!40101 SET @OLD_SQL_MODE=@@SQL_MODE, SQL_MODE='NO_AUTO_VALUE_ON_ZERO' */;
/*!40111 SET @OLD_SQL_NOTES=@@SQL_NOTES, SQL_NOTES=0 */;


-- Dumping database structure for Hospital
CREATE DATABASE IF NOT EXISTS `Hospital` /*!40100 DEFAULT CHARACTER SET utf8mb4 COLLATE utf8mb4_general_ci */ /*!80016 DEFAULT ENCRYPTION='N' */;
USE `Hospital`;

-- Dumping structure for table Hospital.hospital
CREATE TABLE IF NOT EXISTS `hospital` (
  `id` int NOT NULL AUTO_INCREMENT,
  `name` varchar(255) COLLATE utf8mb4_general_ci NOT NULL,
  PRIMARY KEY (`id`)
) ENGINE=InnoDB AUTO_INCREMENT=5 DEFAULT CHARSET=utf8mb4 COLLATE=utf8mb4_general_ci;

-- Dumping data for table Hospital.hospital: ~4 rows (approximately)
INSERT INTO `hospital` (`id`, `name`) VALUES
	(1, 'Apollo Hospitals'),
	(2, 'Jawaharlal Nehru Medical College and Hospital'),
	(3, 'Indira Gandhi Institute of Medical Sciences (IGIMS)'),
	(4, 'AIIMS - All India Institute Of Medical Science');

-- Dumping structure for table Hospital.patient
CREATE TABLE IF NOT EXISTS `patient` (
  `id` int NOT NULL AUTO_INCREMENT,
  `name` varchar(255) COLLATE utf8mb4_general_ci NOT NULL,
  `address` varchar(255) COLLATE utf8mb4_general_ci NOT NULL,
  `hospital_id` int DEFAULT NULL,
  `psychiatrist_id` int DEFAULT NULL,
  `patientphoto` varchar(255) COLLATE utf8mb4_general_ci NOT NULL,
  `email` varchar(255) COLLATE utf8mb4_general_ci NOT NULL,
  `password` varchar(255) COLLATE utf8mb4_general_ci NOT NULL,
  `phone_number` varchar(255) COLLATE utf8mb4_general_ci NOT NULL,
  PRIMARY KEY (`id`),
  KEY `FK_82ae36ebd7ff279719fd6bba8ad` (`psychiatrist_id`),
  KEY `FK_ee9460a6ee8a5882525baf66826` (`hospital_id`),
  CONSTRAINT `FK_82ae36ebd7ff279719fd6bba8ad` FOREIGN KEY (`psychiatrist_id`) REFERENCES `psychiatrist` (`id`),
  CONSTRAINT `FK_ee9460a6ee8a5882525baf66826` FOREIGN KEY (`hospital_id`) REFERENCES `hospital` (`id`)
) ENGINE=InnoDB AUTO_INCREMENT=150 DEFAULT CHARSET=utf8mb4 COLLATE=utf8mb4_general_ci;

-- Dumping data for table Hospital.patient: ~144 rows (approximately)
INSERT INTO `patient` (`id`, `name`, `address`, `hospital_id`, `psychiatrist_id`, `patientphoto`, `email`, `password`, `phone_number`) VALUES
	(1, 'Enrique McLaughlin', '7008 Walker Oval', 1, 1, 'https://cloudflare-ipfs.com/ipfs/Qmd3W5DuhgHirLHGVixi6V76LhCkZUz6pnFt5AJBiyvHye/avatar/47.jpg', 'Jose75@hotmail.com', '9jsUM1WNdlPj64Z', '+910925189494'),
	(2, 'Cindy Smith', '539 Roberta Heights', 1, 1, 'https://cloudflare-ipfs.com/ipfs/Qmd3W5DuhgHirLHGVixi6V76LhCkZUz6pnFt5AJBiyvHye/avatar/56.jpg', 'Sylvia_Auer@yahoo.com', 'uz7rtuOlkzjKCHq', '+916377577816'),
	(3, 'Joan Stehr', '81807 Lemke Turnpike', 1, 1, 'https://cloudflare-ipfs.com/ipfs/Qmd3W5DuhgHirLHGVixi6V76LhCkZUz6pnFt5AJBiyvHye/avatar/551.jpg', 'Arvilla_Pollich77@hotmail.com', 'f2Uq4yv9DjNaXeu', '+912988261940'),
	(4, 'Mr. Ismael Funk', '237 Bauch Station', 1, 1, 'https://cloudflare-ipfs.com/ipfs/Qmd3W5DuhgHirLHGVixi6V76LhCkZUz6pnFt5AJBiyvHye/avatar/794.jpg', 'Tabitha_Kiehn@gmail.com', 'NDtbwYsADBkfup3', '+917821218101'),
	(5, 'Mr. Albert Tremblay', '967 Hirthe Ramp', 1, 1, 'https://cloudflare-ipfs.com/ipfs/Qmd3W5DuhgHirLHGVixi6V76LhCkZUz6pnFt5AJBiyvHye/avatar/566.jpg', 'Jason_Klocko87@hotmail.com', 'k0BAZ5r4N7f7JXl', '+911927888536'),
	(6, 'Michele Kutch', '856 Morgan Alley', 1, 1, 'https://cloudflare-ipfs.com/ipfs/Qmd3W5DuhgHirLHGVixi6V76LhCkZUz6pnFt5AJBiyvHye/avatar/288.jpg', 'Hester_Rice@gmail.com', '8rj3Gd9Nn96dttr', '+910252697202'),
	(7, 'Terrence Christiansen', '098 Summer Motorway', 1, 2, 'https://cloudflare-ipfs.com/ipfs/Qmd3W5DuhgHirLHGVixi6V76LhCkZUz6pnFt5AJBiyvHye/avatar/512.jpg', 'Twila_Miller69@yahoo.com', '1wyyYhEKPZ_S4Cy', '+910051160420'),
	(8, 'Kellie Bartell', '043 Hodkiewicz Trace', 1, 2, 'https://cloudflare-ipfs.com/ipfs/Qmd3W5DuhgHirLHGVixi6V76LhCkZUz6pnFt5AJBiyvHye/avatar/491.jpg', 'Aglae.Renner5@gmail.com', 'pJOIEwFSuIH26TL', '+912451237887'),
	(9, 'Alexander Upton', '50209 Stracke Union', 1, 2, 'https://cloudflare-ipfs.com/ipfs/Qmd3W5DuhgHirLHGVixi6V76LhCkZUz6pnFt5AJBiyvHye/avatar/398.jpg', 'Elenora78@yahoo.com', 'lo2zNWysRTYcl6K', '+914212966789'),
	(10, 'Wade Hessel', '266 Wehner Inlet', 1, 2, 'https://cloudflare-ipfs.com/ipfs/Qmd3W5DuhgHirLHGVixi6V76LhCkZUz6pnFt5AJBiyvHye/avatar/398.jpg', 'Alexanne7@gmail.com', 'vC0tKtaI6C_bOlS', '+914416203345'),
	(11, 'Elias Bergnaum', '443 Noel Ferry', 1, 2, 'https://cloudflare-ipfs.com/ipfs/Qmd3W5DuhgHirLHGVixi6V76LhCkZUz6pnFt5AJBiyvHye/avatar/750.jpg', 'Geovanni24@yahoo.com', '3zGJsx98cPQn1fo', '+916905190761'),
	(12, 'Dr. Micheal Grady', '904 Corkery Freeway', 1, 2, 'https://cloudflare-ipfs.com/ipfs/Qmd3W5DuhgHirLHGVixi6V76LhCkZUz6pnFt5AJBiyvHye/avatar/1197.jpg', 'Sven.Cronin@yahoo.com', '_ZAS0eEOjym8Yb_', '+916905050009'),
	(13, 'Chelsea Zulauf', '16016 Kris Mountains', 1, 3, 'https://cloudflare-ipfs.com/ipfs/Qmd3W5DuhgHirLHGVixi6V76LhCkZUz6pnFt5AJBiyvHye/avatar/4.jpg', 'Fermin89@hotmail.com', 'MImNJ5MIFzymIMC', '+917059842022'),
	(14, 'Tracey Gerhold', '68869 Kling Park', 1, 3, 'https://cloudflare-ipfs.com/ipfs/Qmd3W5DuhgHirLHGVixi6V76LhCkZUz6pnFt5AJBiyvHye/avatar/199.jpg', 'Humberto.Dooley30@yahoo.com', 'NPnotXq2hNILEEI', '+919793274801'),
	(15, 'Neal Gulgowski IV', '46454 Muhammad Club', 1, 3, 'https://cloudflare-ipfs.com/ipfs/Qmd3W5DuhgHirLHGVixi6V76LhCkZUz6pnFt5AJBiyvHye/avatar/1179.jpg', 'Saige.Douglas82@yahoo.com', 'OKhR8ckqHvL6Kn3', '+912629327712'),
	(16, 'Elmer Hyatt', '48490 Kuphal Stream', 1, 3, 'https://cloudflare-ipfs.com/ipfs/Qmd3W5DuhgHirLHGVixi6V76LhCkZUz6pnFt5AJBiyvHye/avatar/667.jpg', 'Roslyn.Howe@gmail.com', 'yy2svKQ1NaCtaZX', '+910137705169'),
	(17, 'Moses Kilback', '070 Elyssa Falls', 1, 3, 'https://cloudflare-ipfs.com/ipfs/Qmd3W5DuhgHirLHGVixi6V76LhCkZUz6pnFt5AJBiyvHye/avatar/512.jpg', 'Imelda.Runte40@gmail.com', 'iNPREWpE4rIaVkX', '+919443597741'),
	(18, 'Sonia Jakubowski', '14651 Calista Club', 1, 3, 'https://cloudflare-ipfs.com/ipfs/Qmd3W5DuhgHirLHGVixi6V76LhCkZUz6pnFt5AJBiyvHye/avatar/1144.jpg', 'Kylie.Kunde10@yahoo.com', 'mr9s0RcfcJdWJvQ', '+914203603283'),
	(19, 'Bill Rodriguez', '0115 Macejkovic Lake', 1, 4, 'https://cloudflare-ipfs.com/ipfs/Qmd3W5DuhgHirLHGVixi6V76LhCkZUz6pnFt5AJBiyvHye/avatar/532.jpg', 'Michaela.Willms29@yahoo.com', 'eijG_vC_TbOWxEz', '+912173018249'),
	(20, 'Victor Wilkinson', '5827 Mills Heights', 1, 4, 'https://cloudflare-ipfs.com/ipfs/Qmd3W5DuhgHirLHGVixi6V76LhCkZUz6pnFt5AJBiyvHye/avatar/905.jpg', 'Jed.Simonis87@gmail.com', 'sbjhjcfwaW8DbYs', '+913428689186'),
	(21, 'Dolores Dicki DDS', '16681 Grady Road', 1, 4, 'https://cloudflare-ipfs.com/ipfs/Qmd3W5DuhgHirLHGVixi6V76LhCkZUz6pnFt5AJBiyvHye/avatar/175.jpg', 'Brielle.Smith@yahoo.com', 'h6QHwQ7QgGYqg7C', '+910368095887'),
	(22, 'Sharon McLaughlin', '091 Waelchi Curve', 1, 4, 'https://cloudflare-ipfs.com/ipfs/Qmd3W5DuhgHirLHGVixi6V76LhCkZUz6pnFt5AJBiyvHye/avatar/980.jpg', 'Beulah_Legros@gmail.com', 'KM9twkCdrDHDY5E', '+912821818049'),
	(23, 'Ellis Bernhard', '0252 Elva Orchard', 1, 4, 'https://cloudflare-ipfs.com/ipfs/Qmd3W5DuhgHirLHGVixi6V76LhCkZUz6pnFt5AJBiyvHye/avatar/163.jpg', 'Rae46@gmail.com', 'pfHah52A7MQinTj', '+912794783148'),
	(24, 'Grady Reichert I', '603 Lang Lock', 1, 4, 'https://cloudflare-ipfs.com/ipfs/Qmd3W5DuhgHirLHGVixi6V76LhCkZUz6pnFt5AJBiyvHye/avatar/563.jpg', 'Donnie16@gmail.com', 'eHSteq5ynAFkCGl', '+916205038573'),
	(25, 'Brittany Runolfsdottir PhD', '9301 Kovacek Village', 1, 5, 'https://cloudflare-ipfs.com/ipfs/Qmd3W5DuhgHirLHGVixi6V76LhCkZUz6pnFt5AJBiyvHye/avatar/1103.jpg', 'Tess_Balistreri@yahoo.com', '6gqLkdfzaBmJLos', '+918521926163'),
	(26, 'Percy Ryan', '1469 Wyatt Canyon', 1, 5, 'https://cloudflare-ipfs.com/ipfs/Qmd3W5DuhgHirLHGVixi6V76LhCkZUz6pnFt5AJBiyvHye/avatar/979.jpg', 'Corene28@gmail.com', 'Jyq5KBDqhGKc_OT', '+910981318924'),
	(27, 'Angelica Runolfsson', '54913 Nia Points', 1, 5, 'https://cloudflare-ipfs.com/ipfs/Qmd3W5DuhgHirLHGVixi6V76LhCkZUz6pnFt5AJBiyvHye/avatar/554.jpg', 'Rogers40@hotmail.com', 'LbutrPP0BkDZQ2_', '+919619577570'),
	(28, 'Mr. Rickey Hagenes II', '97956 Emard Mall', 1, 5, 'https://cloudflare-ipfs.com/ipfs/Qmd3W5DuhgHirLHGVixi6V76LhCkZUz6pnFt5AJBiyvHye/avatar/422.jpg', 'Rebeka.McDermott28@yahoo.com', 'eo3299U_nj8wx7q', '+919643972122'),
	(29, 'Jerome Williamson', '112 Murray Prairie', 1, 5, 'https://cloudflare-ipfs.com/ipfs/Qmd3W5DuhgHirLHGVixi6V76LhCkZUz6pnFt5AJBiyvHye/avatar/685.jpg', 'Ignacio93@yahoo.com', 'rVUg5SrwVreZRwc', '+915043423897'),
	(30, 'Shari Cole', '54218 Destany Point', 1, 5, 'https://cloudflare-ipfs.com/ipfs/Qmd3W5DuhgHirLHGVixi6V76LhCkZUz6pnFt5AJBiyvHye/avatar/435.jpg', 'Dana.Spinka10@gmail.com', 'TvT9X4xUht95VNj', '+913838490392'),
	(31, 'Cesar Roob', '6498 Letitia Spurs', 1, 6, 'https://cloudflare-ipfs.com/ipfs/Qmd3W5DuhgHirLHGVixi6V76LhCkZUz6pnFt5AJBiyvHye/avatar/1214.jpg', 'Zella89@yahoo.com', 'dibGT7Lj_TZBXcu', '+916345549079'),
	(32, 'Raquel Fisher', '53207 Roma Manors', 1, 6, 'https://cloudflare-ipfs.com/ipfs/Qmd3W5DuhgHirLHGVixi6V76LhCkZUz6pnFt5AJBiyvHye/avatar/899.jpg', 'Samara.Jacobs6@gmail.com', '0ZFCuTmYk45zmkc', '+916517200134'),
	(33, 'Iris Casper Jr.', '5953 Destinee Forest', 1, 6, 'https://cloudflare-ipfs.com/ipfs/Qmd3W5DuhgHirLHGVixi6V76LhCkZUz6pnFt5AJBiyvHye/avatar/950.jpg', 'Nelson68@gmail.com', '_iquPsFCX1b6Xdm', '+917414670648'),
	(34, 'Miss Winston Kreiger', '565 Douglas Rapid', 1, 6, 'https://cloudflare-ipfs.com/ipfs/Qmd3W5DuhgHirLHGVixi6V76LhCkZUz6pnFt5AJBiyvHye/avatar/1054.jpg', 'Jaiden40@hotmail.com', 'Mr61hEbdAPk7URb', '+915138312791'),
	(35, 'Rodolfo Stark', '8049 Kerluke Highway', 1, 6, 'https://cloudflare-ipfs.com/ipfs/Qmd3W5DuhgHirLHGVixi6V76LhCkZUz6pnFt5AJBiyvHye/avatar/261.jpg', 'Jovanny.Sawayn@gmail.com', 'FuHNAEbPQo3jN1r', '+918009000444'),
	(36, 'Dolores Streich', '263 Zaria Pines', 1, 6, 'https://cloudflare-ipfs.com/ipfs/Qmd3W5DuhgHirLHGVixi6V76LhCkZUz6pnFt5AJBiyvHye/avatar/253.jpg', 'Frederik81@hotmail.com', '9qKvGBIIZ5kbtGi', '+918666426234'),
	(37, 'Meghan Hagenes', '65100 Kessler Streets', 2, 7, 'https://cloudflare-ipfs.com/ipfs/Qmd3W5DuhgHirLHGVixi6V76LhCkZUz6pnFt5AJBiyvHye/avatar/200.jpg', 'Jared.Ondricka67@yahoo.com', 'gsXCe0TUsLyVECY', '+910538602624'),
	(38, 'Steve Hammes Jr.', '30703 Brain Village', 2, 7, 'https://cloudflare-ipfs.com/ipfs/Qmd3W5DuhgHirLHGVixi6V76LhCkZUz6pnFt5AJBiyvHye/avatar/383.jpg', 'Lewis86@yahoo.com', 'kWu5hlqR1rsI8NY', '+919912232141'),
	(39, 'Irvin Hills', '091 Tomasa Trace', 2, 7, 'https://cloudflare-ipfs.com/ipfs/Qmd3W5DuhgHirLHGVixi6V76LhCkZUz6pnFt5AJBiyvHye/avatar/479.jpg', 'Jeffry10@hotmail.com', '9wjGCmMnQRKowX9', '+915861995588'),
	(40, 'Whitney Turner', '94838 Labadie Inlet', 2, 7, 'https://cloudflare-ipfs.com/ipfs/Qmd3W5DuhgHirLHGVixi6V76LhCkZUz6pnFt5AJBiyvHye/avatar/592.jpg', 'Yasmin.Jast@gmail.com', 'FJIYnu5oAOKoEdY', '+911947122053'),
	(41, 'Israel Bashirian', '777 Elias Path', 2, 7, 'https://cloudflare-ipfs.com/ipfs/Qmd3W5DuhgHirLHGVixi6V76LhCkZUz6pnFt5AJBiyvHye/avatar/443.jpg', 'Danny_Jones35@gmail.com', 'FJOKeHw5FHAyb53', '+912621596821'),
	(42, 'Raquel Fisher', '32252 Kemmer Valley', 2, 7, 'https://cloudflare-ipfs.com/ipfs/Qmd3W5DuhgHirLHGVixi6V76LhCkZUz6pnFt5AJBiyvHye/avatar/940.jpg', 'Lavada98@gmail.com', '2lvMZAsiAsDxPyh', '+910186363945'),
	(43, 'Janice Kirlin', '81051 Lindgren Circle', 2, 8, 'https://cloudflare-ipfs.com/ipfs/Qmd3W5DuhgHirLHGVixi6V76LhCkZUz6pnFt5AJBiyvHye/avatar/674.jpg', 'Pat_Renner@hotmail.com', 'NJKfauAA6jmjdga', '+913248752382'),
	(44, 'Todd McDermott', '271 Predovic Alley', 2, 8, 'https://cloudflare-ipfs.com/ipfs/Qmd3W5DuhgHirLHGVixi6V76LhCkZUz6pnFt5AJBiyvHye/avatar/510.jpg', 'Janet_Hodkiewicz@gmail.com', '3E6Fgs9QAQ97ZKC', '+915400760439'),
	(45, 'Heather Hand', '9829 Nannie Course', 2, 8, 'https://cloudflare-ipfs.com/ipfs/Qmd3W5DuhgHirLHGVixi6V76LhCkZUz6pnFt5AJBiyvHye/avatar/598.jpg', 'Rosie_Brown93@gmail.com', 'LGYCbkBNdqwOZA4', '+918687338804'),
	(46, 'Michael Braun', '788 Erdman Plain', 2, 8, 'https://cloudflare-ipfs.com/ipfs/Qmd3W5DuhgHirLHGVixi6V76LhCkZUz6pnFt5AJBiyvHye/avatar/1006.jpg', 'Wilfred_Quitzon@gmail.com', 'wgp2ssRsLnuDQbj', '+910757504603'),
	(47, 'Antonio Rogahn', '74253 Haag Estate', 2, 8, 'https://cloudflare-ipfs.com/ipfs/Qmd3W5DuhgHirLHGVixi6V76LhCkZUz6pnFt5AJBiyvHye/avatar/960.jpg', 'Okey11@yahoo.com', '30Y5bDKFTrn9WsM', '+911206029470'),
	(48, 'Seth Lebsack', '383 Keanu Park', 2, 8, 'https://cloudflare-ipfs.com/ipfs/Qmd3W5DuhgHirLHGVixi6V76LhCkZUz6pnFt5AJBiyvHye/avatar/1109.jpg', 'Jaylon_Kling@hotmail.com', 'SFYYKfq4_9M_mwU', '+915306979118'),
	(49, 'Jonathon Gorczany', '551 Gislason Spring', 2, 9, 'https://cloudflare-ipfs.com/ipfs/Qmd3W5DuhgHirLHGVixi6V76LhCkZUz6pnFt5AJBiyvHye/avatar/19.jpg', 'Eugenia_Greenholt62@yahoo.com', 'CYiBIHr1fAtFixA', '+917220113477'),
	(50, 'Mona Lemke', '0560 Malinda Fields', 2, 9, 'https://cloudflare-ipfs.com/ipfs/Qmd3W5DuhgHirLHGVixi6V76LhCkZUz6pnFt5AJBiyvHye/avatar/885.jpg', 'Kiel.Kuhn89@gmail.com', '7lEtNG5cYTetIZH', '+918748429655'),
	(51, 'Arnold Senger', '939 Hauck Trace', 2, 9, 'https://cloudflare-ipfs.com/ipfs/Qmd3W5DuhgHirLHGVixi6V76LhCkZUz6pnFt5AJBiyvHye/avatar/684.jpg', 'Earnest96@gmail.com', 'tE62tImo7DX3YyG', '+914164244145'),
	(52, 'Anita Farrell', '029 Emard Branch', 2, 9, 'https://cloudflare-ipfs.com/ipfs/Qmd3W5DuhgHirLHGVixi6V76LhCkZUz6pnFt5AJBiyvHye/avatar/409.jpg', 'Lea41@gmail.com', 'PmWg4Hy1ZdhBDlL', '+919347732699'),
	(53, 'Joann Lubowitz', '2039 Lambert Parks', 2, 9, 'https://cloudflare-ipfs.com/ipfs/Qmd3W5DuhgHirLHGVixi6V76LhCkZUz6pnFt5AJBiyvHye/avatar/421.jpg', 'Nat_Baumbach64@yahoo.com', 'n_S1SHNjxzXvTgs', '+911056479825'),
	(54, 'Freddie Bogan', '9243 Prohaska Walk', 2, 9, 'https://cloudflare-ipfs.com/ipfs/Qmd3W5DuhgHirLHGVixi6V76LhCkZUz6pnFt5AJBiyvHye/avatar/794.jpg', 'Pat57@gmail.com', '_re5TQweYh9JG_A', '+918012001719'),
	(55, 'Dr. Cindy Walsh', '05229 Braun Station', 2, 10, 'https://cloudflare-ipfs.com/ipfs/Qmd3W5DuhgHirLHGVixi6V76LhCkZUz6pnFt5AJBiyvHye/avatar/520.jpg', 'Elenor.Bogan57@hotmail.com', 'zl_dZSy4l4PZYyL', '+919597714381'),
	(56, 'Marta Berge', '075 King Meadows', 2, 10, 'https://cloudflare-ipfs.com/ipfs/Qmd3W5DuhgHirLHGVixi6V76LhCkZUz6pnFt5AJBiyvHye/avatar/417.jpg', 'Alanis_Hammes@hotmail.com', '16vEGANjz1xMUPY', '+916845369903'),
	(57, 'Robert DuBuque', '94525 Jakubowski Shoals', 2, 10, 'https://cloudflare-ipfs.com/ipfs/Qmd3W5DuhgHirLHGVixi6V76LhCkZUz6pnFt5AJBiyvHye/avatar/711.jpg', 'Meaghan.Ziemann81@hotmail.com', 'wkYwT7fXw6zW3vb', '+914195352602'),
	(58, 'Monica Mertz DDS', '28224 Horacio Creek', 2, 10, 'https://cloudflare-ipfs.com/ipfs/Qmd3W5DuhgHirLHGVixi6V76LhCkZUz6pnFt5AJBiyvHye/avatar/240.jpg', 'Jules73@gmail.com', 'tHnUvphIGc3i0Ru', '+919023978499'),
	(59, 'Patrick Gislason', '43319 Maryjane Lock', 2, 10, 'https://cloudflare-ipfs.com/ipfs/Qmd3W5DuhgHirLHGVixi6V76LhCkZUz6pnFt5AJBiyvHye/avatar/1054.jpg', 'Sabrina_Kovacek@yahoo.com', '5FOM_b_dyTx1tM4', '+917125406536'),
	(60, 'Anne Waters', '1091 Mya Island', 2, 10, 'https://cloudflare-ipfs.com/ipfs/Qmd3W5DuhgHirLHGVixi6V76LhCkZUz6pnFt5AJBiyvHye/avatar/661.jpg', 'Kendall_Welch@hotmail.com', '8R5Jx46mvmTJowU', '+918423319962'),
	(61, 'Nathaniel Bechtelar', '442 Gutmann Key', 2, 11, 'https://cloudflare-ipfs.com/ipfs/Qmd3W5DuhgHirLHGVixi6V76LhCkZUz6pnFt5AJBiyvHye/avatar/138.jpg', 'Verdie63@hotmail.com', '1zgIYoZNPTJAOCM', '+918511007240'),
	(62, 'Roman Wiegand', '628 Orn Canyon', 2, 11, 'https://cloudflare-ipfs.com/ipfs/Qmd3W5DuhgHirLHGVixi6V76LhCkZUz6pnFt5AJBiyvHye/avatar/147.jpg', 'Samara81@yahoo.com', 'Ag6LQVPrTw0opIV', '+916057529116'),
	(63, 'Edith Stehr', '2961 Jefferey Way', 2, 11, 'https://cloudflare-ipfs.com/ipfs/Qmd3W5DuhgHirLHGVixi6V76LhCkZUz6pnFt5AJBiyvHye/avatar/602.jpg', 'Carolyn_Schuppe@yahoo.com', 'KZwnt8qmdEbtktQ', '+916320306355'),
	(64, 'Terrence Zieme Sr.', '4045 Funk Mount', 2, 11, 'https://cloudflare-ipfs.com/ipfs/Qmd3W5DuhgHirLHGVixi6V76LhCkZUz6pnFt5AJBiyvHye/avatar/338.jpg', 'Alphonso65@hotmail.com', 'IO_nFyYPYrFaO4c', '+910616931645'),
	(65, 'Jonathon Maggio', '219 Forrest Islands', 2, 11, 'https://cloudflare-ipfs.com/ipfs/Qmd3W5DuhgHirLHGVixi6V76LhCkZUz6pnFt5AJBiyvHye/avatar/200.jpg', 'Reyna_Huel96@yahoo.com', 'oAbmfFvxh9L3Hp7', '+913726324517'),
	(66, 'Brandon Simonis', '1340 Kasey Drive', 2, 11, 'https://cloudflare-ipfs.com/ipfs/Qmd3W5DuhgHirLHGVixi6V76LhCkZUz6pnFt5AJBiyvHye/avatar/974.jpg', 'Lisandro_Price72@gmail.com', 'rLilWJTMM8bs96T', '+917167104833'),
	(67, 'Mrs. Susan Torp III', '53115 Bradtke Mission', 2, 12, 'https://cloudflare-ipfs.com/ipfs/Qmd3W5DuhgHirLHGVixi6V76LhCkZUz6pnFt5AJBiyvHye/avatar/137.jpg', 'Henriette.Grady@hotmail.com', '9vOYQEtbzex_Bea', '+919008108017'),
	(68, 'Travis Jast', '023 Stokes Rue', 2, 12, 'https://cloudflare-ipfs.com/ipfs/Qmd3W5DuhgHirLHGVixi6V76LhCkZUz6pnFt5AJBiyvHye/avatar/112.jpg', 'Marianna.Schaden@gmail.com', '0z_uOPNKgjVTL0R', '+914290273508'),
	(69, 'Dr. Lucia Breitenberg', '642 Ismael View', 2, 12, 'https://cloudflare-ipfs.com/ipfs/Qmd3W5DuhgHirLHGVixi6V76LhCkZUz6pnFt5AJBiyvHye/avatar/735.jpg', 'Mozell.Welch@gmail.com', 'aGM0K9mHg29iX2W', '+911205658854'),
	(70, 'Claudia Jerde', '7723 Rodolfo Mountain', 2, 12, 'https://cloudflare-ipfs.com/ipfs/Qmd3W5DuhgHirLHGVixi6V76LhCkZUz6pnFt5AJBiyvHye/avatar/371.jpg', 'Jeramie67@hotmail.com', 'nC1HolwVoymyiv0', '+917301363280'),
	(71, 'Marlon Dooley I', '34131 Danyka Burgs', 2, 12, 'https://cloudflare-ipfs.com/ipfs/Qmd3W5DuhgHirLHGVixi6V76LhCkZUz6pnFt5AJBiyvHye/avatar/731.jpg', 'Damien.Raynor@hotmail.com', '60mv2hA0GuXx0VK', '+915646181061'),
	(72, 'Lorraine Wiegand', '15289 Farrell Pine', 2, 12, 'https://cloudflare-ipfs.com/ipfs/Qmd3W5DuhgHirLHGVixi6V76LhCkZUz6pnFt5AJBiyvHye/avatar/1150.jpg', 'Sherman91@yahoo.com', 'yTavUJyoWb0Dogl', '+915345022626'),
	(73, 'Arnold Hilpert', '048 Harris Extensions', 3, 13, 'https://cloudflare-ipfs.com/ipfs/Qmd3W5DuhgHirLHGVixi6V76LhCkZUz6pnFt5AJBiyvHye/avatar/1074.jpg', 'Brielle.Macejkovic@gmail.com', 'XJbzyBDG2fJti8R', '+910435474232'),
	(74, 'Benjamin Kihn', '264 Forest Ways', 3, 13, 'https://cloudflare-ipfs.com/ipfs/Qmd3W5DuhgHirLHGVixi6V76LhCkZUz6pnFt5AJBiyvHye/avatar/613.jpg', 'Brielle_Champlin@hotmail.com', 'AEbUcG2HqSnuHwW', '+918259822330'),
	(75, 'Adam Considine', '653 Kovacek Fort', 3, 13, 'https://cloudflare-ipfs.com/ipfs/Qmd3W5DuhgHirLHGVixi6V76LhCkZUz6pnFt5AJBiyvHye/avatar/532.jpg', 'Conrad.Steuber50@hotmail.com', '_8JegSOzRu_mYOz', '+914758859412'),
	(76, 'Pablo Rippin', '83686 Rice Mall', 3, 13, 'https://cloudflare-ipfs.com/ipfs/Qmd3W5DuhgHirLHGVixi6V76LhCkZUz6pnFt5AJBiyvHye/avatar/657.jpg', 'Heaven_Herzog34@yahoo.com', 'inmD8OAldLrrVRW', '+917516732585'),
	(77, 'Gilberto Ernser', '67301 Dillan Ramp', 3, 13, 'https://cloudflare-ipfs.com/ipfs/Qmd3W5DuhgHirLHGVixi6V76LhCkZUz6pnFt5AJBiyvHye/avatar/1058.jpg', 'Mortimer.Morissette@yahoo.com', 'VlOgCGJ2o6VeKF3', '+913860850866'),
	(78, 'Lynne Koepp', '56776 Pattie Overpass', 3, 13, 'https://cloudflare-ipfs.com/ipfs/Qmd3W5DuhgHirLHGVixi6V76LhCkZUz6pnFt5AJBiyvHye/avatar/956.jpg', 'Tomasa_Breitenberg16@yahoo.com', 'lsMd8XiJrdTw6SW', '+914432492968'),
	(79, 'Neil Bailey', '466 Maggio Radial', 3, 14, 'https://cloudflare-ipfs.com/ipfs/Qmd3W5DuhgHirLHGVixi6V76LhCkZUz6pnFt5AJBiyvHye/avatar/39.jpg', 'Ethelyn_Wintheiser98@gmail.com', 'DwFXoaC5biQssGU', '+917983821166'),
	(80, 'Clifton Koch', '74908 Konopelski Divide', 3, 14, 'https://cloudflare-ipfs.com/ipfs/Qmd3W5DuhgHirLHGVixi6V76LhCkZUz6pnFt5AJBiyvHye/avatar/1140.jpg', 'Alec68@gmail.com', 'Un1EuPWeJe1wyvG', '+911998811586'),
	(81, 'Florence Mohr', '36853 Hirthe Wells', 3, 14, 'https://cloudflare-ipfs.com/ipfs/Qmd3W5DuhgHirLHGVixi6V76LhCkZUz6pnFt5AJBiyvHye/avatar/78.jpg', 'Terry99@gmail.com', 'qrYEWEFNlzQkCYA', '+916540884320'),
	(82, 'Krista Ratke', '88617 Zola Mills', 3, 14, 'https://cloudflare-ipfs.com/ipfs/Qmd3W5DuhgHirLHGVixi6V76LhCkZUz6pnFt5AJBiyvHye/avatar/842.jpg', 'Maxine_Dicki@gmail.com', '_Iw7S9ZdmcRDMFG', '+911020178296'),
	(83, 'Andy Kuhn IV', '4068 Laurine Parkway', 3, 14, 'https://cloudflare-ipfs.com/ipfs/Qmd3W5DuhgHirLHGVixi6V76LhCkZUz6pnFt5AJBiyvHye/avatar/622.jpg', 'Domenica_Howe93@hotmail.com', 'CrOZyXXjaOssm4f', '+914434314143'),
	(84, 'Leslie Metz', '261 Greenfelder Expressway', 3, 14, 'https://cloudflare-ipfs.com/ipfs/Qmd3W5DuhgHirLHGVixi6V76LhCkZUz6pnFt5AJBiyvHye/avatar/758.jpg', 'Okey.Brown9@yahoo.com', '597o5XQYBTFinXE', '+917344651419'),
	(85, 'Terrence Mosciski', '167 Waters Track', 3, 15, 'https://cloudflare-ipfs.com/ipfs/Qmd3W5DuhgHirLHGVixi6V76LhCkZUz6pnFt5AJBiyvHye/avatar/436.jpg', 'Bernice_Dickens34@gmail.com', 'lGIZo_oIQRw3i60', '+910730546759'),
	(86, 'Patti Ruecker', '966 Marquardt Field', 3, 15, 'https://cloudflare-ipfs.com/ipfs/Qmd3W5DuhgHirLHGVixi6V76LhCkZUz6pnFt5AJBiyvHye/avatar/316.jpg', 'Edwina_Kling@hotmail.com', 'sB2oegSRL5tMm_o', '+917055924450'),
	(87, 'Kristina Lang', '8194 McCullough Dam', 3, 15, 'https://cloudflare-ipfs.com/ipfs/Qmd3W5DuhgHirLHGVixi6V76LhCkZUz6pnFt5AJBiyvHye/avatar/371.jpg', 'Antonetta.Bogisich3@yahoo.com', 'kIxZNE93M6xS33a', '+916330245219'),
	(88, 'Trevor Crist', '836 Marks Overpass', 3, 15, 'https://cloudflare-ipfs.com/ipfs/Qmd3W5DuhgHirLHGVixi6V76LhCkZUz6pnFt5AJBiyvHye/avatar/558.jpg', 'Delaney75@yahoo.com', 'uL6XD_EEgicH7Dd', '+911993939547'),
	(89, 'Kristine Beier', '978 Dietrich Mills', 3, 15, 'https://cloudflare-ipfs.com/ipfs/Qmd3W5DuhgHirLHGVixi6V76LhCkZUz6pnFt5AJBiyvHye/avatar/509.jpg', 'Shyann67@yahoo.com', '0aRMyhar91Umtf7', '+914744728397'),
	(90, 'Marcella Hintz', '6449 Hane Mountains', 3, 15, 'https://cloudflare-ipfs.com/ipfs/Qmd3W5DuhgHirLHGVixi6V76LhCkZUz6pnFt5AJBiyvHye/avatar/655.jpg', 'Carolyne14@yahoo.com', 'SHzwo26WdEr8hSg', '+918021363734'),
	(91, 'Sophie Hagenes', '618 Amani Square', 3, 16, 'https://cloudflare-ipfs.com/ipfs/Qmd3W5DuhgHirLHGVixi6V76LhCkZUz6pnFt5AJBiyvHye/avatar/1170.jpg', 'Hilton43@yahoo.com', '1OToTar9o_G3Apt', '+918051617002'),
	(92, 'Roland Will', '0186 Freda Orchard', 3, 16, 'https://cloudflare-ipfs.com/ipfs/Qmd3W5DuhgHirLHGVixi6V76LhCkZUz6pnFt5AJBiyvHye/avatar/330.jpg', 'Clara82@yahoo.com', 'jPpFhj_dwg0OOll', '+917668372959'),
	(93, 'Kyle Harvey', '25017 Jonas Pass', 3, 16, 'https://cloudflare-ipfs.com/ipfs/Qmd3W5DuhgHirLHGVixi6V76LhCkZUz6pnFt5AJBiyvHye/avatar/358.jpg', 'Teagan.Watsica@hotmail.com', '32CqM_dM3CAzqgq', '+910792244986'),
	(94, 'Beth Gulgowski', '1474 Reilly Circle', 3, 16, 'https://cloudflare-ipfs.com/ipfs/Qmd3W5DuhgHirLHGVixi6V76LhCkZUz6pnFt5AJBiyvHye/avatar/50.jpg', 'Ethel_Wolff@hotmail.com', '1bjwFYuguQR6R9l', '+914176824044'),
	(95, 'Geneva Schneider MD', '54256 Roberts Inlet', 3, 16, 'https://cloudflare-ipfs.com/ipfs/Qmd3W5DuhgHirLHGVixi6V76LhCkZUz6pnFt5AJBiyvHye/avatar/515.jpg', 'Juliana30@yahoo.com', 'zATcyfdmJB0RiWC', '+913926820404'),
	(96, 'Amos Bechtelar', '656 O Keefe Trace', 3, 16, 'https://cloudflare-ipfs.com/ipfs/Qmd3W5DuhgHirLHGVixi6V76LhCkZUz6pnFt5AJBiyvHye/avatar/571.jpg', 'Maximus.Swaniawski@yahoo.com', 'njFLUGzUXGII4ug', '+916859246575'),
	(97, 'Dr. Renee Schiller', '99191 Harris Mills', 3, 17, 'https://cloudflare-ipfs.com/ipfs/Qmd3W5DuhgHirLHGVixi6V76LhCkZUz6pnFt5AJBiyvHye/avatar/337.jpg', 'Summer_Halvorson@yahoo.com', 'H1Mc7wO3BVA1OYm', '+912296401698'),
	(98, 'Rodney Senger PhD', '746 Rosalyn Mews', 3, 17, 'https://cloudflare-ipfs.com/ipfs/Qmd3W5DuhgHirLHGVixi6V76LhCkZUz6pnFt5AJBiyvHye/avatar/998.jpg', 'Garry.Dibbert69@yahoo.com', 'V_HUCQv6fnzFA0E', '+916062291346'),
	(99, 'Clyde Bartell', '367 Vilma Curve', 3, 17, 'https://cloudflare-ipfs.com/ipfs/Qmd3W5DuhgHirLHGVixi6V76LhCkZUz6pnFt5AJBiyvHye/avatar/447.jpg', 'Ima80@hotmail.com', 'txoAYdbokWgjAZ0', '+912442616044'),
	(100, 'Lucy Howell', '26284 Wyman Centers', 3, 17, 'https://cloudflare-ipfs.com/ipfs/Qmd3W5DuhgHirLHGVixi6V76LhCkZUz6pnFt5AJBiyvHye/avatar/1209.jpg', 'Hailey_Rosenbaum72@hotmail.com', 'wOS5HE6YL8XHH_q', '+912562128327'),
	(101, 'Darlene Bergnaum II', '56161 Okey Vista', 3, 17, 'https://cloudflare-ipfs.com/ipfs/Qmd3W5DuhgHirLHGVixi6V76LhCkZUz6pnFt5AJBiyvHye/avatar/187.jpg', 'Viva.Boyer17@hotmail.com', 'PTW6rgXLadYE6l3', '+913227559334'),
	(102, 'Mrs. Deanna Pacocha', '302 Kaci Estates', 3, 17, 'https://cloudflare-ipfs.com/ipfs/Qmd3W5DuhgHirLHGVixi6V76LhCkZUz6pnFt5AJBiyvHye/avatar/656.jpg', 'Collin.Hilpert24@hotmail.com', 'xL2_UQrDSnmv08B', '+912316248732'),
	(103, 'Myrtle Prohaska MD', '29753 Stacey Neck', 3, 18, 'https://cloudflare-ipfs.com/ipfs/Qmd3W5DuhgHirLHGVixi6V76LhCkZUz6pnFt5AJBiyvHye/avatar/381.jpg', 'Karley.Donnelly@gmail.com', '0fw2NYAItiIdFoQ', '+917926476429'),
	(104, 'Jeanette Bosco', '361 Lorine Extension', 3, 18, 'https://cloudflare-ipfs.com/ipfs/Qmd3W5DuhgHirLHGVixi6V76LhCkZUz6pnFt5AJBiyvHye/avatar/721.jpg', 'Dorthy.Stoltenberg@gmail.com', 'HSVLl4W4kHLu2wo', '+915867831958'),
	(105, 'Zachary Breitenberg', '688 Hickle Heights', 3, 18, 'https://cloudflare-ipfs.com/ipfs/Qmd3W5DuhgHirLHGVixi6V76LhCkZUz6pnFt5AJBiyvHye/avatar/119.jpg', 'Dejon16@yahoo.com', 'IQHJQvZSwj68eYf', '+913113807064'),
	(106, 'Miss Rudy Quitzon', '277 Boyer Cape', 3, 18, 'https://cloudflare-ipfs.com/ipfs/Qmd3W5DuhgHirLHGVixi6V76LhCkZUz6pnFt5AJBiyvHye/avatar/170.jpg', 'Drew.Kuhlman15@gmail.com', 'I6zklCOMckqUcAm', '+917662124153'),
	(107, 'Kevin Jenkins', '425 Jacinto Passage', 3, 18, 'https://cloudflare-ipfs.com/ipfs/Qmd3W5DuhgHirLHGVixi6V76LhCkZUz6pnFt5AJBiyvHye/avatar/797.jpg', 'Ava.Effertz@yahoo.com', '54lyiiJ2ejjb1rj', '+917695948835'),
	(108, 'Clinton Cummings', '18432 Aleen Squares', 3, 18, 'https://cloudflare-ipfs.com/ipfs/Qmd3W5DuhgHirLHGVixi6V76LhCkZUz6pnFt5AJBiyvHye/avatar/890.jpg', 'Madie.Schultz@gmail.com', 'xaEZpfDVaRZa7gf', '+916530202254'),
	(109, 'Christian Goyette DDS', '53811 Muller Route', 4, 19, 'https://cloudflare-ipfs.com/ipfs/Qmd3W5DuhgHirLHGVixi6V76LhCkZUz6pnFt5AJBiyvHye/avatar/1222.jpg', 'Hope.Walsh46@hotmail.com', 'U93N38WeKly_NRD', '+910507038220'),
	(110, 'Eula Crooks', '564 Misael Canyon', 4, 19, 'https://cloudflare-ipfs.com/ipfs/Qmd3W5DuhgHirLHGVixi6V76LhCkZUz6pnFt5AJBiyvHye/avatar/456.jpg', 'Joelle.Wisozk54@yahoo.com', '44Ctm8zbyrvMZY2', '+915965562531'),
	(111, 'Simon Schuster III', '01102 Walter Burg', 4, 19, 'https://cloudflare-ipfs.com/ipfs/Qmd3W5DuhgHirLHGVixi6V76LhCkZUz6pnFt5AJBiyvHye/avatar/987.jpg', 'Keara36@yahoo.com', '8FORqZzKEMZWakK', '+911572407949'),
	(112, 'Ebony Zulauf', '839 Mariam Rue', 4, 19, 'https://cloudflare-ipfs.com/ipfs/Qmd3W5DuhgHirLHGVixi6V76LhCkZUz6pnFt5AJBiyvHye/avatar/764.jpg', 'Marlon47@gmail.com', 'kMXX5DuKkbmSFp_', '+915756476936'),
	(113, 'Blanca Fahey MD', '63080 Lebsack Mall', 4, 19, 'https://cloudflare-ipfs.com/ipfs/Qmd3W5DuhgHirLHGVixi6V76LhCkZUz6pnFt5AJBiyvHye/avatar/525.jpg', 'Royce.Bechtelar68@hotmail.com', 'XKYolGWCRAuxubn', '+915143361475'),
	(114, 'Cedric Kutch', '037 Ezra Rapid', 4, 19, 'https://cloudflare-ipfs.com/ipfs/Qmd3W5DuhgHirLHGVixi6V76LhCkZUz6pnFt5AJBiyvHye/avatar/1027.jpg', 'Price.Terry66@hotmail.com', 'JDN7hVss24FsLBm', '+913514401428'),
	(115, 'Ms. Gregory Fahey', '556 Stiedemann River', 4, 20, 'https://cloudflare-ipfs.com/ipfs/Qmd3W5DuhgHirLHGVixi6V76LhCkZUz6pnFt5AJBiyvHye/avatar/758.jpg', 'Kamille.Satterfield@yahoo.com', '23JZhDsihR1gIUA', '+919799709701'),
	(116, 'Neal McGlynn', '428 Botsford Shore', 4, 20, 'https://cloudflare-ipfs.com/ipfs/Qmd3W5DuhgHirLHGVixi6V76LhCkZUz6pnFt5AJBiyvHye/avatar/1143.jpg', 'Electa70@gmail.com', 'AWBA1y4tnPSD2JF', '+916884627474'),
	(117, 'Dustin Heidenreich', '1161 Ferry Village', 4, 20, 'https://cloudflare-ipfs.com/ipfs/Qmd3W5DuhgHirLHGVixi6V76LhCkZUz6pnFt5AJBiyvHye/avatar/884.jpg', 'Karlee.Nikolaus7@hotmail.com', 'Bn5QxEmTSTuMMAp', '+911720626984'),
	(118, 'Jerald Schaefer', '41957 Janelle Forest', 4, 20, 'https://cloudflare-ipfs.com/ipfs/Qmd3W5DuhgHirLHGVixi6V76LhCkZUz6pnFt5AJBiyvHye/avatar/126.jpg', 'Maddison75@hotmail.com', 'QfthLibpQ73Qp4D', '+914689032637'),
	(119, 'Wilbert Rosenbaum', '824 Halle Cliff', 4, 20, 'https://cloudflare-ipfs.com/ipfs/Qmd3W5DuhgHirLHGVixi6V76LhCkZUz6pnFt5AJBiyvHye/avatar/29.jpg', 'Agnes17@hotmail.com', 'anoX8lFcLhv3Xwq', '+912001281289'),
	(120, 'Edmund Morissette', '4269 Luettgen Club', 4, 20, 'https://cloudflare-ipfs.com/ipfs/Qmd3W5DuhgHirLHGVixi6V76LhCkZUz6pnFt5AJBiyvHye/avatar/1098.jpg', 'Nicklaus_Collins@hotmail.com', 'KRRQs1TSJdAsURQ', '+910624978260'),
	(121, 'Luke Konopelski', '7851 Jermey Shore', 4, 21, 'https://cloudflare-ipfs.com/ipfs/Qmd3W5DuhgHirLHGVixi6V76LhCkZUz6pnFt5AJBiyvHye/avatar/782.jpg', 'Kaden_McDermott@hotmail.com', 'RuB9gc7C6McTx1d', '+911305855310'),
	(122, 'Stuart Kutch', '85844 Emmanuelle Path', 4, 21, 'https://cloudflare-ipfs.com/ipfs/Qmd3W5DuhgHirLHGVixi6V76LhCkZUz6pnFt5AJBiyvHye/avatar/395.jpg', 'Aurelia62@hotmail.com', 'IDdlFtHt7uW40fj', '+916230312796'),
	(123, 'Connie Maggio', '75243 Bernhard Courts', 4, 21, 'https://cloudflare-ipfs.com/ipfs/Qmd3W5DuhgHirLHGVixi6V76LhCkZUz6pnFt5AJBiyvHye/avatar/982.jpg', 'Irma_Bartoletti36@yahoo.com', 'N2k7fvWIOnSVckS', '+910163405276'),
	(124, 'Hilda Kerluke', '3931 Hudson View', 4, 21, 'https://cloudflare-ipfs.com/ipfs/Qmd3W5DuhgHirLHGVixi6V76LhCkZUz6pnFt5AJBiyvHye/avatar/773.jpg', 'Amely.Nitzsche@gmail.com', 'giFB2WFzpFPLlVF', '+915016903109'),
	(125, 'Marion Jones', '33407 Rodriguez Mission', 4, 21, 'https://cloudflare-ipfs.com/ipfs/Qmd3W5DuhgHirLHGVixi6V76LhCkZUz6pnFt5AJBiyvHye/avatar/1230.jpg', 'Tianna50@gmail.com', 'QnoaX32Y9UEzo88', '+912333341203'),
	(126, 'Dr. Andre West', '15415 Prosacco Pine', 4, 21, 'https://cloudflare-ipfs.com/ipfs/Qmd3W5DuhgHirLHGVixi6V76LhCkZUz6pnFt5AJBiyvHye/avatar/792.jpg', 'Jewel.Considine@gmail.com', 'gJiaVRfWfB_lvaY', '+918676208485'),
	(127, 'Irving Pfannerstill Sr.', '5929 Laverna Course', 4, 22, 'https://cloudflare-ipfs.com/ipfs/Qmd3W5DuhgHirLHGVixi6V76LhCkZUz6pnFt5AJBiyvHye/avatar/857.jpg', 'Gerson_Hermann@hotmail.com', '8UzaskhmaIj1F4h', '+919893618264'),
	(128, 'Paulette Mosciski', '1151 Natasha Wall', 4, 22, 'https://cloudflare-ipfs.com/ipfs/Qmd3W5DuhgHirLHGVixi6V76LhCkZUz6pnFt5AJBiyvHye/avatar/767.jpg', 'Jerrold58@yahoo.com', 'tygpdHAOX_4r4ij', '+918389857622'),
	(129, 'Leslie Grimes', '877 Corkery Crescent', 4, 22, 'https://cloudflare-ipfs.com/ipfs/Qmd3W5DuhgHirLHGVixi6V76LhCkZUz6pnFt5AJBiyvHye/avatar/1.jpg', 'Fleta_Boyer@gmail.com', 'wtHkawyKDkty7_Q', '+911321123728'),
	(130, 'Jan Schoen PhD', '586 Hammes Heights', 4, 22, 'https://cloudflare-ipfs.com/ipfs/Qmd3W5DuhgHirLHGVixi6V76LhCkZUz6pnFt5AJBiyvHye/avatar/684.jpg', 'Kevin31@yahoo.com', '_9sk0BUk6YKkk9N', '+913606449795'),
	(131, 'Domingo Hegmann', '13599 Dylan Harbor', 4, 22, 'https://cloudflare-ipfs.com/ipfs/Qmd3W5DuhgHirLHGVixi6V76LhCkZUz6pnFt5AJBiyvHye/avatar/695.jpg', 'Garnett6@yahoo.com', 'p0RrwCc_TNMuIOC', '+919889571386'),
	(132, 'Valerie Luettgen', '9471 Wisoky Hollow', 4, 22, 'https://cloudflare-ipfs.com/ipfs/Qmd3W5DuhgHirLHGVixi6V76LhCkZUz6pnFt5AJBiyvHye/avatar/739.jpg', 'Remington.McKenzie75@gmail.com', 'xOZU30ZPq9Ymsg1', '+913607968793'),
	(133, 'Mr. John Bins', '8602 Brekke Track', 4, 23, 'https://cloudflare-ipfs.com/ipfs/Qmd3W5DuhgHirLHGVixi6V76LhCkZUz6pnFt5AJBiyvHye/avatar/1100.jpg', 'Savion.Stanton@gmail.com', 'TJRpL6hFD7pshXu', '+915216746694'),
	(134, 'Rafael Rogahn', '8395 Lehner Knolls', 4, 23, 'https://cloudflare-ipfs.com/ipfs/Qmd3W5DuhgHirLHGVixi6V76LhCkZUz6pnFt5AJBiyvHye/avatar/137.jpg', 'Ron.McKenzie24@yahoo.com', 'bJZ5Vb5c6OKhdI3', '+914475014470'),
	(135, 'Willis Leffler', '8706 Chanelle Hills', 4, 23, 'https://cloudflare-ipfs.com/ipfs/Qmd3W5DuhgHirLHGVixi6V76LhCkZUz6pnFt5AJBiyvHye/avatar/841.jpg', 'Aliyah22@hotmail.com', 'LljqMKXNeJ_yaSH', '+912638917266'),
	(136, 'Dr. Marc Hilpert', '2419 Kirlin Circle', 4, 23, 'https://cloudflare-ipfs.com/ipfs/Qmd3W5DuhgHirLHGVixi6V76LhCkZUz6pnFt5AJBiyvHye/avatar/568.jpg', 'Garnet64@gmail.com', 'Vcbc64a8RB6GWlY', '+914991094857'),
	(137, 'Yvonne Littel', '116 Hammes Run', 4, 23, 'https://cloudflare-ipfs.com/ipfs/Qmd3W5DuhgHirLHGVixi6V76LhCkZUz6pnFt5AJBiyvHye/avatar/178.jpg', 'Olaf.Zulauf71@yahoo.com', 'zo1vN1MTqBPxnhA', '+915747803949'),
	(138, 'Emily Grant', '13836 Hal Divide', 4, 23, 'https://cloudflare-ipfs.com/ipfs/Qmd3W5DuhgHirLHGVixi6V76LhCkZUz6pnFt5AJBiyvHye/avatar/42.jpg', 'Felicity30@gmail.com', 'knslTsnn0ApuvOb', '+914211178200'),
	(139, 'Cecil Reilly', '108 Victor Forks', 4, 24, 'https://cloudflare-ipfs.com/ipfs/Qmd3W5DuhgHirLHGVixi6V76LhCkZUz6pnFt5AJBiyvHye/avatar/1048.jpg', 'Elwyn.Baumbach25@yahoo.com', 'pmu4u0JDKhotiFj', '+915676503865'),
	(140, 'Natasha Kemmer', '343 Homenick River', 4, 24, 'https://cloudflare-ipfs.com/ipfs/Qmd3W5DuhgHirLHGVixi6V76LhCkZUz6pnFt5AJBiyvHye/avatar/42.jpg', 'Zoie.Conroy78@yahoo.com', 'ERXIrl0Mdvs9MGe', '+918190186109'),
	(141, 'Carlton McGlynn', '2248 Jarred Knolls', 4, 24, 'https://cloudflare-ipfs.com/ipfs/Qmd3W5DuhgHirLHGVixi6V76LhCkZUz6pnFt5AJBiyvHye/avatar/1206.jpg', 'Donnell_Brown@yahoo.com', '4tWcIdu_UQZIRpj', '+919508155485'),
	(142, 'Violet Skiles', '1875 Hackett Glens', 4, 24, 'https://cloudflare-ipfs.com/ipfs/Qmd3W5DuhgHirLHGVixi6V76LhCkZUz6pnFt5AJBiyvHye/avatar/60.jpg', 'Earlene_Ullrich@yahoo.com', 'tPhzcNGKzg6Zldm', '+912448401532'),
	(143, 'William Mante', '498 Dickens Dam', 4, 24, 'https://cloudflare-ipfs.com/ipfs/Qmd3W5DuhgHirLHGVixi6V76LhCkZUz6pnFt5AJBiyvHye/avatar/1044.jpg', 'Marcelino92@hotmail.com', 'moZDm85muWMPaYy', '+916005673216'),
	(144, 'Cory Moen', '1997 Kohler Ferry', 4, 24, 'https://cloudflare-ipfs.com/ipfs/Qmd3W5DuhgHirLHGVixi6V76LhCkZUz6pnFt5AJBiyvHye/avatar/603.jpg', 'Violet_Leannon@hotmail.com', 'Wruzu5BRD5eGglf', '+917392565527');

-- Dumping structure for table Hospital.psychiatrist
CREATE TABLE IF NOT EXISTS `psychiatrist` (
  `id` int NOT NULL AUTO_INCREMENT,
  `name` varchar(255) COLLATE utf8mb4_general_ci NOT NULL,
  `hospital_id` int DEFAULT NULL,
  PRIMARY KEY (`id`),
  KEY `FK_6d5acd2a7f6fd6f13f31444ef14` (`hospital_id`),
  CONSTRAINT `FK_6d5acd2a7f6fd6f13f31444ef14` FOREIGN KEY (`hospital_id`) REFERENCES `hospital` (`id`)
) ENGINE=InnoDB AUTO_INCREMENT=25 DEFAULT CHARSET=utf8mb4 COLLATE=utf8mb4_general_ci;

-- Dumping data for table Hospital.psychiatrist: ~24 rows (approximately)
INSERT INTO `psychiatrist` (`id`, `name`, `hospital_id`) VALUES
	(1, 'Horace Schmitt', 1),
	(2, 'Amber Zemlak', 1),
	(3, 'Evan Orn', 1),
	(4, 'Grady Jaskolski', 1),
	(5, 'Betsy Satterfield III', 1),
	(6, 'Jerald Stokes', 1),
	(7, 'Julian Dicki', 2),
	(8, 'Joshua Goyette', 2),
	(9, 'Ms. Victoria Brekke', 2),
	(10, 'Jay Runolfsson', 2),
	(11, 'Johnathan Beahan IV', 2),
	(12, 'Teresa Morar', 2),
	(13, 'Rose Wunsch III', 3),
	(14, 'Dr. Mamie Kuhic', 3),
	(15, 'Mrs. Delores Lind', 3),
	(16, 'Omar Pfeffer', 3),
	(17, 'Kristi Turcotte', 3),
	(18, 'Mr. Joan Lebsack', 3),
	(19, 'Patsy Borer', 4),
	(20, 'Enrique Lang', 4),
	(21, 'Adam VonRueden', 4),
	(22, 'Darin Veum', 4),
	(23, 'Mr. Zachary Corwin', 4),
	(24, 'Emma Reichert', 4);

/*!40103 SET TIME_ZONE=IFNULL(@OLD_TIME_ZONE, 'system') */;
/*!40101 SET SQL_MODE=IFNULL(@OLD_SQL_MODE, '') */;
/*!40014 SET FOREIGN_KEY_CHECKS=IFNULL(@OLD_FOREIGN_KEY_CHECKS, 1) */;
/*!40101 SET CHARACTER_SET_CLIENT=@OLD_CHARACTER_SET_CLIENT */;
/*!40111 SET SQL_NOTES=IFNULL(@OLD_SQL_NOTES, 1) */;
